{
  "lineShape": {
    "degree": 3,
    "form": 0,
    "cv_positions": [
      [
        -0.5000000000000018,
        0.0,
        0.0
      ],
      [
        -0.1666666666666679,
        0.0,
        0.0
      ],
      [
        0.16666666666666605,
        0.0,
        0.0
      ],
      [
        0.5,
        0.0,
        0.0
      ]
    ],
    "cv_weights": [
      1.0,
      1.0,
      1.0,
      1.0
    ],
    "knots": [
      0.0,
      0.0,
      0.0,
      1.0,
      1.0,
      1.0
    ]
  }
}