{
  "COGShape": {
    "degree": 3,
    "form": 2,
    "cv_positions": [
      [
        0.756538145223859,
        9.783866607819896e-07,
        -0.6461365970386455
      ],
      [
        0.9461648210452192,
        9.783808052685005e-07,
        -0.30742753492437375
      ],
      [
        0.9918407740166286,
        9.783835135528718e-07,
        0.07805372793144662
      ],
      [
        0.8864490557459871,
        9.783865197785846e-07,
        0.45167451515980084
      ],
      [
        0.646135119434849,
        9.783832134206918e-07,
        0.7565216793535307
      ],
      [
        0.30743660935897127,
        -9.783850771112258e-07,
        0.946200482033076
      ],
      [
        -0.0780577544251591,
        -9.783849744475002e-07,
        0.9918260600566615
      ],
      [
        -0.4516731058351468,
        -9.783856941762627e-07,
        0.8864564041275238
      ],
      [
        -0.7565227781613652,
        9.783851763103694e-07,
        0.6461311180853817
      ],
      [
        -0.9462004150853082,
        9.78384398078568e-07,
        0.3074386331518878
      ],
      [
        -0.9918260702481237,
        9.783800369082112e-07,
        -0.07805911464039504
      ],
      [
        -0.8864569193805614,
        9.783865849687766e-07,
        -0.45167240144854914
      ],
      [
        -0.6461301611218292,
        -9.783850973255352e-07,
        -0.7565236370984415
      ],
      [
        -0.3074407067788766,
        -9.783862110486359e-07,
        -0.946199586776295
      ],
      [
        0.07806276342804123,
        -9.783847410085295e-07,
        -0.9918279781910783
      ],
      [
        0.45166514359710874,
        -9.78386660794727e-07,
        -0.8864542142949756
      ],
      [
        0.756538145223859,
        9.783866607819896e-07,
        -0.6461365970386455
      ],
      [
        0.9461648210452192,
        9.783808052685005e-07,
        -0.30742753492437375
      ],
      [
        0.9918407740166286,
        9.783835135528718e-07,
        0.07805372793144662
      ]
    ],
    "cv_weights": [
      1.0,
      1.0,
      1.0,
      1.0,
      1.0,
      1.0,
      1.0,
      1.0,
      1.0,
      1.0,
      1.0,
      1.0,
      1.0,
      1.0,
      1.0,
      1.0,
      1.0,
      1.0,
      1.0
    ],
    "knots": [
      -2.5,
      -1.25,
      0.0,
      1.25,
      2.5,
      3.75,
      5.0,
      6.25,
      7.5,
      8.75,
      10.0,
      11.25,
      12.5,
      13.750000000000002,
      15.0,
      16.25,
      17.5,
      18.75,
      20.0,
      21.25,
      22.5
    ]
  },
  "COGShape1": {
    "degree": 3,
    "form": 2,
    "cv_positions": [
      [
        1.0473606000583606,
        2.4035848636159187e-17,
        -0.06755091880937517
      ],
      [
        1.053293252008799,
        2.620709172677218e-17,
        4.6146889010780456e-18
      ],
      [
        1.0473606000583606,
        2.4035848636159187e-17,
        0.06755091880937514
      ],
      [
        1.0426172148435018,
        2.6259490410604526e-17,
        0.11383290238574978
      ],
      [
        0.9871836194507443,
        1.2997620943876184e-17,
        0.20178587907166703
      ],
      [
        1.0428852642295487,
        -5.6338838958394515e-18,
        0.19532459734088206
      ],
      [
        1.0993791055369508,
        3.3063391370317033e-18,
        0.14186276911210632
      ],
      [
        1.1429353818134376,
        -1.9191422735387037e-18,
        0.11053030297245042
      ],
      [
        1.1874275827749765,
        1.1970869857969191e-18,
        0.06005142354664324
      ],
      [
        1.2115154611794285,
        -9.758903549900297e-19,
        -6.643472370827725e-17
      ],
      [
        1.1874275827749767,
        1.1970869857969205e-18,
        -0.06005142354664307
      ],
      [
        1.1429353818134371,
        -1.9191422735386952e-18,
        -0.11053030297245041
      ],
      [
        1.099379105536952,
        3.3063391370316775e-18,
        -0.1418627691121066
      ],
      [
        1.0428852642295476,
        -5.633883895839401e-18,
        -0.1953245973408819
      ],
      [
        0.9871836194507445,
        1.2997620943876127e-17,
        -0.20178587907166715
      ],
      [
        1.0426172148435027,
        2.625949041060456e-17,
        -0.11383290238574979
      ],
      [
        1.0473606000583606,
        2.4035848636159187e-17,
        -0.06755091880937517
      ],
      [
        1.053293252008799,
        2.620709172677218e-17,
        4.6146889010780456e-18
      ],
      [
        1.0473606000583606,
        2.4035848636159187e-17,
        0.06755091880937514
      ]
    ],
    "cv_weights": [
      1.0,
      1.0,
      1.0,
      1.0,
      1.0,
      1.0,
      1.0,
      1.0,
      1.0,
      1.0,
      1.0,
      1.0,
      1.0,
      1.0,
      1.0,
      1.0,
      1.0,
      1.0,
      1.0
    ],
    "knots": [
      -1.0,
      -0.5,
      0.0,
      0.5,
      1.0,
      1.5,
      2.0,
      2.5,
      3.0,
      3.5,
      4.0,
      4.5,
      5.0,
      5.5,
      6.0,
      6.5,
      7.0,
      7.5,
      8.0,
      8.5,
      9.0
    ]
  },
  "COGShape2": {
    "degree": 3,
    "form": 2,
    "cv_positions": [
      [
        -1.0473606000583606,
        2.4035848636159187e-17,
        0.06755091880937517
      ],
      [
        -1.053293252008799,
        2.620709172677218e-17,
        -4.6146889010780456e-18
      ],
      [
        -1.0473606000583606,
        2.4035848636159187e-17,
        -0.06755091880937514
      ],
      [
        -1.0426172148435018,
        2.6259490410604526e-17,
        -0.11383290238574978
      ],
      [
        -0.9871836194507443,
        1.2997620943876184e-17,
        -0.20178587907166703
      ],
      [
        -1.0428852642295487,
        -5.6338838958394515e-18,
        -0.19532459734088206
      ],
      [
        -1.0993791055369508,
        3.3063391370317033e-18,
        -0.14186276911210632
      ],
      [
        -1.1429353818134376,
        -1.9191422735387037e-18,
        -0.11053030297245042
      ],
      [
        -1.1874275827749765,
        1.1970869857969191e-18,
        -0.06005142354664324
      ],
      [
        -1.2115154611794285,
        -9.758903549900297e-19,
        6.643472370827725e-17
      ],
      [
        -1.1874275827749767,
        1.1970869857969205e-18,
        0.06005142354664307
      ],
      [
        -1.1429353818134371,
        -1.9191422735386952e-18,
        0.11053030297245041
      ],
      [
        -1.099379105536952,
        3.3063391370316775e-18,
        0.1418627691121066
      ],
      [
        -1.0428852642295476,
        -5.633883895839401e-18,
        0.1953245973408819
      ],
      [
        -0.9871836194507445,
        1.2997620943876127e-17,
        0.20178587907166715
      ],
      [
        -1.0426172148435027,
        2.625949041060456e-17,
        0.11383290238574979
      ],
      [
        -1.0473606000583606,
        2.4035848636159187e-17,
        0.06755091880937517
      ],
      [
        -1.053293252008799,
        2.620709172677218e-17,
        -4.6146889010780456e-18
      ],
      [
        -1.0473606000583606,
        2.4035848636159187e-17,
        -0.06755091880937514
      ]
    ],
    "cv_weights": [
      1.0,
      1.0,
      1.0,
      1.0,
      1.0,
      1.0,
      1.0,
      1.0,
      1.0,
      1.0,
      1.0,
      1.0,
      1.0,
      1.0,
      1.0,
      1.0,
      1.0,
      1.0,
      1.0
    ],
    "knots": [
      -1.0,
      -0.5,
      0.0,
      0.5,
      1.0,
      1.5,
      2.0,
      2.5,
      3.0,
      3.5,
      4.0,
      4.5,
      5.0,
      5.5,
      6.0,
      6.5,
      7.0,
      7.5,
      8.0,
      8.5,
      9.0
    ]
  },
  "COGShape3": {
    "degree": 3,
    "form": 2,