{
  "simsShape": {
    "degree": 3,
    "form": 2,
    "cv_positions": [
      [
        0.6835475599586004,
        0.12427961729283468,
        -0.18212535430254242
      ],
      [
        0.6835453147720346,
        2.318711215900604e-16,
        -0.21853351210117208
      ],
      [
        0.6835475599586004,
        -0.12427961729283502,
        -0.18212535430254176
      ],
      [
        0.7757537213902947,
        -0.13592527344826813,
        -0.19558603903323643
      ],
      [
        1.3737612338875826,
        -0.24322915634012712,
        -0.3008343023662325
      ],
      [
        1.9765173737852602,
        -0.34715786092847967,
        -0.40500365352680734
      ],
      [
        1.9765173737912076,
        -0.34715786093116807,
        -0.4050036535282596
      ],
      [
        1.9765173737912076,
        -1.3124236303184547e-16,
        -0.49622219495662934
      ],
      [
        1.9765173737912076,
        0.34715773537217254,
        -0.40500377908725527
      ],
      [
        1.9765173737852602,
        0.347157735366973,
        -0.40500377908580304
      ],
      [
        1.3737612338875826,
        0.24298756848718495,
        -0.30107588538746605
      ],
      [
        0.7757537213902947,
        0.13592527344826813,
        -0.19558603903323643
      ],
      [
        0.6835475599586004,
        0.12427961729283468,
        -0.18212535430254242
      ],
      [
        0.6835453147720346,
        2.318711215900604e-16,
        -0.21853351210117208
      ],
      [
        0.6835475599586004,
        -0.12427961729283502,
        -0.18212535430254176
      ]
    ],
    "cv_weights": [
      1.0,
      1.0,
      1.0,
      1.0,
      1.0,
      1.0,
      1.0,
      1.0,
      1.0,
      1.0,
      1.0,
      1.0,
      1.0,
      1.0,
      1.0
    ],
    "knots": [
      -0.16666666666666666,
      -0.08333333333333333,
      0.0,
      0.08333333333333333,
      0.16666666666666666,
      0.25,
      0.3333333333333333,
      0.41666666666666663,
      0.5,
      0.5833333333333334,
      0.6666666666666666,
      0.75,
      0.8333333333333333,
      0.9166666666666666,
      1.0,
      1.0833333333333333,
      1.1666666666666667
    ]
  },
  "simsShape1": {
    "degree": 3,
    "form": 2,
    "cv_positions": [
      [
        0.6835475599586004,
        0.12427943616075442,
        0.06643369915104685
      ],
      [
        0.6835453147720346,
        0.16068759395938273,
        -0.05784591814178759
      ],
      [
        0.6835475599586004,
        0.1242794361607541,
        -0.18212553543462287
      ],
      [
        0.7757537213902947,
        0.1377401208914486,
        -0.19377119159005596
      ],
      [
        1.3737612338875826,
        0.2429883842244447,
        -0.3010750744819148
      ],
      [
        1.9765173737852602,
        0.34715773538501976,
        -0.40500377907026724
      ],
      [
        1.9765173737912076,
        0.3471577353864721,
        -0.40500377907295565
      ],
      [
        1.9765173737912076,
        0.43837627681484165,
        -0.05784591814178779
      ],
      [
        1.9765173737912076,
        0.3471578609454675,
        0.28931181723038485
      ],
      [
        1.9765173737852602,
        0.3471578609440152,
        0.28931181722518523
      ],
      [
        1.3737612338875826,
        0.24322996724567833,
        0.18514165034539704
      ],
      [
        0.7757537213902947,
        0.1377401208914486,
        0.07807935530648033
      ],
      [
        0.6835475599586004,
        0.12427943616075442,
        0.06643369915104685
      ],
      [
        0.6835453147720346,
        0.16068759395938273,
        -0.05784591814178759
      ],
      [
        0.6835475599586004,
        0.1242794361607541,
        -0.18212553543462287
      ]
    ],
    "cv_weights": [
      1.0,
      1.0,
      1.0,
      1.0,
      1.0,
      1.0,
      1.0,
      1.0,
      1.0,
      1.0,
      1.0,
      1.0,
      1.0,
      1.0,
      1.0
    ],
    "knots": [
      -0.16666666666666666,
      -0.08333333333333333,
      0.0,
      0.08333333333333333,
      0.16666666666666666,
      0.25,
      0.3333333333333333,
      0.41666666666666663,
      0.5,
      0.5833333333333334,
      0.6666666666666666,
      0.75,
      0.8333333333333333,
      0.9166666666666666,
      1.0,
      1.0833333333333333,
      1.1666666666666667
    ]
  },
  "simsShape2": {
    "degree": 3,
    "form": 2,
    "cv_positions": [
      [
        0.6835475599586004,
        -0.12427961729283471,
        0.0664335180189666
      ],
      [
        0.6835453147720346,
        -2.12192566829556e-16,
        0.1028416758175949
      ],
      [
        0.6835475599586004,
        0.12427961729283502,
        0.06643351801896627
      ],
      [
        0.7757537213902947,
        0.13592527344826816,
        0.07989420274966078
      ],
      [
        1.3737612338875826,
        0.24322915634012707,
        0.18514246608265694
      ],
      [
        1.9765173737852602,
        0.34715786092847956,
        0.2893118172432321
      ],
      [
        1.9765173737912076,
        0.3471578609311679,
        0.2893118172446845
      ],
      [
        1.9765173737912076,
        1.8492797345418843e-16,
        0.38053035867305396
      ],
      [
        1.9765173737912076,
        -0.34715773537217254,
        0.2893119428036799
      ],
      [
        1.9765173737852602,
        -0.347157735366973,
        0.28931194280222755
      ],
      [
        1.3737612338875826,
        -0.24298756848718484,
        0.18538404910389056
      ],
      [
        0.7757537213902947,
        -0.13592527344826813,
        0.0798942027496608
      ],
      [
        0.6835475599586004,
        -0.12427961729283471,
        0.0664335180189666
      ],
      [
        0.6835453147720346,
        -2.12192566829556e-16,
        0.1028416758175949
      ],
      [
        0.6835475599586004,
        0.12427961729283502,
        0.06643351801896627
      ]
    ],
    "cv_weights": [
      1.0,
      1.0,
      1.0,
      1.0,
      1.0,
      1.0,
      1.0,
      1.0,
      1.0,
      1.0,
      1.0,
      1.0,
      1.0,
      1.0,
      1.0
    ],
    "knots": [
      -0.16666666666666666,
      -0.08333333333333333,
      0.0,
      0.08333333333333333,
      0.16666666666666666,
      0.25,
      0.3333333333333333,
      0.41666666666666663,
      0.5,
      0.5833333333333334,
      0.6666666666666666,
      0.75,
      0.8333333333333333,
      0.9166666666666666,
      1.0,
      1.0833333333333333,
      1.1666666666666667
    ]
  },
  "simsShape3": {
    "degree": 3,
    "form": 2,